{
    "pixel_ratio": {
        "value": 3.2215524208058453,
        "unit": "pixels/cm"
    },
    "grid": {
        "columns": 795,
        "rows": 447,
        "cell_size_cm": 0.5,
        "cell_size_pixels": 1.6107762104029226
    },
    "aruco": {
        "marker_size": 0.086
    }
}